Hari,Jam Ke,Waktu,Tingkat,Kelas,Mapel,Kode_Guru
Senin,1,07:30-08:10,VIII,VIII-A,MBG,
Senin,1,07:30-08:10,VIII,VIII-B,nan,
Senin,1,07:30-08:10,VIII,VIII-C,nan,
Senin,1,07:30-08:10,VIII,VIII-D,nan,
Senin,1,07:30-08:10,VIII,VIII-E,nan,
Senin,1,07:30-08:10,VIII,VIII-F,nan,
Senin,1,07:30-08:10,VIII,VIII-G,nan,
Senin,1,07:30-08:10,VIII,VIII-H,nan,
Senin,2,08:10-08:50,VIII,VIII-A,Matematika,07
Senin,2,08:10-08:50,VIII,VIII-B,B.Indonesia,24
Senin,2,08:10-08:50,VIII,VIII-C,P.Pancasila,09
Senin,2,08:10-08:50,VIII,VIII-D,IPA,03
Senin,2,08:10-08:50,VIII,VIII-E,Agm/B.Pekerti,26
Senin,2,08:10-08:50,VIII,VIII-F,B.Indonesia,23
Senin,2,08:10-08:50,VIII,VIII-G,IPA,02
Senin,2,08:10-08:50,VIII,VIII-H,B.Indonesia,25
Senin,3,08:50-09:30,VIII,VIII-A,Matematika,07
Senin,3,08:50-09:30,VIII,VIII-B,B.Indonesia,24
Senin,3,08:50-09:30,VIII,VIII-C,P.Pancasila,09
Senin,3,08:50-09:30,VIII,VIII-D,IPA,03
Senin,3,08:50-09:30,VIII,VIII-E,Agm/B.Pekerti,26
Senin,3,08:50-09:30,VIII,VIII-F,B.Indonesia,23
Senin,3,08:50-09:30,VIII,VIII-G,IPA,02
Senin,3,08:50-09:30,VIII,VIII-H,B.Indonesia,25
Senin,4,09:40-10:20,VIII,VIII-A,Bahasa Inggris,16
Senin,4,09:40-10:20,VIII,VIII-B,Matematika,07
Senin,4,09:40-10:20,VIII,VIII-C,IPA,03
Senin,4,09:40-10:20,VIII,VIII-D,B.Indonesia,23
Senin,4,09:40-10:20,VIII,VIII-E,Bahasa Inggris,14
Senin,4,09:40-10:20,VIII,VIII-F,Bahasa Bali,29
Senin,4,09:40-10:20,VIII,VIII-G,Bahasa Bali,28
Senin,4,09:40-10:20,VIII,VIII-H,B.Indonesia,25
Senin,5,10:20-11:00,VIII,VIII-A,Bahasa Inggris,16
Senin,5,10:20-11:00,VIII,VIII-B,Matematika,07
Senin,5,10:20-11:00,VIII,VIII-C,IPA,03
Senin,5,10:20-11:00,VIII,VIII-D,B.Indonesia,23
Senin,5,10:20-11:00,VIII,VIII-E,Bahasa Inggris,14
Senin,5,10:20-11:00,VIII,VIII-F,Bahasa Bali,29
Senin,5,10:20-11:00,VIII,VIII-G,Bahasa Bali,28
Senin,5,10:20-11:00,VIII,VIII-H,B.Indonesia,25
Senin,6,11:00-11:40,VIII,VIII-A,Informatika,16
Senin,6,11:00-11:40,VIII,VIII-B,Matematika,07
Senin,6,11:00-11:40,VIII,VIII-C,Agm/B.Pekerti,27
Senin,6,11:00-11:40,VIII,VIII-D,B.Indonesia,23
Senin,6,11:00-11:40,VIII,VIII-E,Bahasa Bali,29
Senin,6,11:00-11:40,VIII,VIII-F,Bahasa Inggris,14
Senin,6,11:00-11:40,VIII,VIII-G,Matematika,05
Senin,6,11:00-11:40,VIII,VIII-H,IPA,03
Senin,7,11:50-12:30,VIII,VIII-A,IPA,03
Senin,7,11:50-12:30,VIII,VIII-B,Bahasa Bali,29
Senin,7,11:50-12:30,VIII,VIII-C,B.Indonesia,23
Senin,7,11:50-12:30,VIII,VIII-D,IPS,24
Senin,7,11:50-12:30,VIII,VIII-E,Informatika,30
Senin,7,11:50-12:30,VIII,VIII-F,Bahasa Inggris,14
Senin,7,11:50-12:30,VIII,VIII-G,IPS,25
Senin,7,11:50-12:30,VIII,VIII-H,P.Pancasila,10
Senin,8,12:30-13:10,VIII,VIII-A,IPA,03
Senin,8,12:30-13:10,VIII,VIII-B,Bahasa Bali,29
Senin,8,12:30-13:10,VIII,VIII-C,B.Indonesia,23
Senin,8,12:30-13:10,VIII,VIII-D,IPS,24
Senin,8,12:30-13:10,VIII,VIII-E,Informatika,30
Senin,8,12:30-13:10,VIII,VIII-F,Bahasa Inggris,14
Senin,8,12:30-13:10,VIII,VIII-G,IPS,25
Senin,8,12:30-13:10,VIII,VIII-H,P.Pancasila,10
Selasa,1,07:30-08:10,VIII,VIII-A,KERJA BAKTI,
Selasa,1,07:30-08:10,VIII,VIII-B,nan,
Selasa,1,07:30-08:10,VIII,VIII-C,nan,
Selasa,1,07:30-08:10,VIII,VIII-D,nan,
Selasa,1,07:30-08:10,VIII,VIII-E,nan,
Selasa,1,07:30-08:10,VIII,VIII-F,nan,
Selasa,1,07:30-08:10,VIII,VIII-G,nan,
Selasa,1,07:30-08:10,VIII,VIII-H,nan,
Selasa,2,08:10-08:50,VIII,VIII-A,IPS,21
Selasa,2,08:10-08:50,VIII,VIII-B,IPA,03
Selasa,2,08:10-08:50,VIII,VIII-C,Matematika,07
Selasa,2,08:10-08:50,VIII,VIII-D,Bahasa Inggris,16
Selasa,2,08:10-08:50,VIII,VIII-E,PJOK,12
Selasa,2,08:10-08:50,VIII,VIII-F,PJOK,12
Selasa,2,08:10-08:50,VIII,VIII-G,Matematika,05
Selasa,2,08:10-08:50,VIII,VIII-H,Bahasa Inggris,14
Selasa,3,08:50-09:30,VIII,VIII-A,IPS,21
Selasa,3,08:50-09:30,VIII,VIII-B,IPA,03
Selasa,3,08:50-09:30,VIII,VIII-C,Matematika,07
Selasa,3,08:50-09:30,VIII,VIII-D,Bahasa Inggris,16
Selasa,3,08:50-09:30,VIII,VIII-E,PJOK,12
Selasa,3,08:50-09:30,VIII,VIII-F,PJOK,12
Selasa,3,08:50-09:30,VIII,VIII-G,Matematika,05
Selasa,3,08:50-09:30,VIII,VIII-H,Bahasa Inggris,14
Selasa,4,09:40-10:20,VIII,VIII-A,Bahasa Bali,29
Selasa,4,09:40-10:20,VIII,VIII-B,Informatika,16
Selasa,4,09:40-10:20,VIII,VIII-C,IPA,03
Selasa,4,09:40-10:20,VIII,VIII-D,Matematika,07
Selasa,4,09:40-10:20,VIII,VIII-E,B.Indonesia,23
Selasa,4,09:40-10:20,VIII,VIII-F,P.Pancasila,10
Selasa,4,09:40-10:20,VIII,VIII-G,Bahasa Inggris,14
Selasa,4,09:40-10:20,VIII,VIII-H,IPS,25
Selasa,5,10:20-11:00,VIII,VIII-A,Bahasa Bali,29
Selasa,5,10:20-11:00,VIII,VIII-B,Informatika,16
Selasa,5,10:20-11:00,VIII,VIII-C,IPA,03
Selasa,5,10:20-11:00,VIII,VIII-D,Matematika,07
Selasa,5,10:20-11:00,VIII,VIII-E,B.Indonesia,23
Selasa,5,10:20-11:00,VIII,VIII-F,P.Pancasila,10
Selasa,5,10:20-11:00,VIII,VIII-G,Bahasa Inggris,14
Selasa,5,10:20-11:00,VIII,VIII-H,IPS,25
Selasa,6,11:00-11:40,VIII,VIII-A,Seni Musik,20
Selasa,6,11:00-11:40,VIII,VIII-B,B.Indonesia,20
Selasa,6,11:00-11:40,VIII,VIII-C,Bahasa Inggris,16
Selasa,6,11:00-11:40,VIII,VIII-D,IPA,03
Selasa,6,11:00-11:40,VIII,VIII-E,Matematika,07
Selasa,6,11:00-11:40,VIII,VIII-F,IPS,23
Selasa,6,11:00-11:40,VIII,VIII-G,Seni Musik,19
Selasa,6,11:00-11:40,VIII,VIII-H,B.Indonesia,25
Selasa,7,11:50-12:30,VIII,VIII-A,B.Indonesia,24
Selasa,7,11:50-12:30,VIII,VIII-B,IPS,21
Selasa,7,11:50-12:30,VIII,VIII-C,Bahasa Inggris,16
Selasa,7,11:50-12:30,VIII,VIII-D,IPA,03
Selasa,7,11:50-12:30,VIII,VIII-E,Matematika,07
Selasa,7,11:50-12:30,VIII,VIII-F,Matematika,05
Selasa,7,11:50-12:30,VIII,VIII-G,Seni Musik,19
Selasa,7,11:50-12:30,VIII,VIII-H,B.Indonesia,25
Selasa,8,12:30-13:10,VIII,VIII-A,B.Indonesia,24
Selasa,8,12:30-13:10,VIII,VIII-B,IPS,21
Selasa,8,12:30-13:10,VIII,VIII-C,Informatika,16
Selasa,8,12:30-13:10,VIII,VIII-D,Bahasa Bali,29
Selasa,8,12:30-13:10,VIII,VIII-E,P.Pancasila,10
Selasa,8,12:30-13:10,VIII,VIII-F,Matematika,05
Selasa,8,12:30-13:10,VIII,VIII-G,Agm/B.Pekerti,26
Selasa,8,12:30-13:10,VIII,VIII-H,B.Indonesia,25
Rabu,1,07:30-08:10,VIII,VIII-A,KERJA BAKTI,
Rabu,1,07:30-08:10,VIII,VIII-B,nan,
Rabu,1,07:30-08:10,VIII,VIII-C,nan,
Rabu,1,07:30-08:10,VIII,VIII-D,nan,
Rabu,1,07:30-08:10,VIII,VIII-E,nan,
Rabu,1,07:30-08:10,VIII,VIII-F,nan,
Rabu,1,07:30-08:10,VIII,VIII-G,nan,
Rabu,1,07:30-08:10,VIII,VIII-H,nan,
Rabu,2,08:10-08:50,VIII,VIII-A,Matematika,07
Rabu,2,08:10-08:50,VIII,VIII-B,Bahasa Inggris,16
Rabu,2,08:10-08:50,VIII,VIII-C,Matematika,07
Rabu,2,08:10-08:50,VIII,VIII-D,Bahasa Inggris,16
Rabu,2,08:10-08:50,VIII,VIII-E,PJOK,12
Rabu,2,08:10-08:50,VIII,VIII-F,PJOK,12
Rabu,2,08:10-08:50,VIII,VIII-G,Matematika,05
Rabu,2,08:10-08:50,VIII,VIII-H,Bahasa Inggris,14
Rabu,3,08:50-09:30,VIII,VIII-A,Matematika,07
Rabu,3,08:50-09:30,VIII,VIII-B,Bahasa Inggris,16
Rabu,3,08:50-09:30,VIII,VIII-C,Matematika,07
Rabu,3,08:50-09:30,VIII,VIII-D,Bahasa Inggris,16
Rabu,3,08:50-09:30,VIII,VIII-E,PJOK,12
Rabu,3,08:50-09:30,VIII,VIII-F,PJOK,12
Rabu,3,08:50-09:30,VIII,VIII-G,Matematika,05
Rabu,3,08:50-09:30,VIII,VIII-H,Bahasa Inggris,14
Rabu,4,09:40-10:20,VIII,VIII-A,Seni Musik,20
Rabu,4,09:40-10:20,VIII,VIII-B,Matematika,07
Rabu,4,09:40-10:20,VIII,VIII-C,Bahasa Bali,29
Rabu,4,09:40-10:20,VIII,VIII-D,Informatika,16
Rabu,4,09:40-10:20,VIII,VIII-E,P.Pancasila,10
Rabu,4,09:40-10:20,VIII,VIII-F,IPA,03
Rabu,4,09:40-10:20,VIII,VIII-G,Informatika,30
Rabu,4,09:40-10:20,VIII,VIII-H,Matematika,05
Rabu,5,10:20-11:00,VIII,VIII-A,B.Indonesia,24
Rabu,5,10:20-11:00,VIII,VIII-B,Matematika,07
Rabu,5,10:20-11:00,VIII,VIII-C,Bahasa Bali,29
Rabu,5,10:20-11:00,VIII,VIII-D,Agm/B.Pekerti,26
Rabu,5,10:20-11:00,VIII,VIII-E,IPS,23
Rabu,5,10:20-11:00,VIII,VIII-F,IPA,03
Rabu,5,10:20-11:00,VIII,VIII-G,Informatika,30
Rabu,5,10:20-11:00,VIII,VIII-H,Matematika,05
Rabu,6,11:00-11:40,VIII,VIII-A,P.Pancasila,09
Rabu,6,11:00-11:40,VIII,VIII-B,IPA,03
Rabu,6,11:00-11:40,VIII,VIII-C,Matematika,07
Rabu,6,11:00-11:40,VIII,VIII-D,Seni Musik,27
Rabu,6,11:00-11:40,VIII,VIII-E,B.Indonesia,23
Rabu,6,11:00-11:40,VIII,VIII-F,Agm/B.Pekerti,26
Rabu,6,11:00-11:40,VIII,VIII-G,Matematika,05
Rabu,6,11:00-11:40,VIII,VIII-H,Bahasa Bali,28
Rabu,7,11:50-12:30,VIII,VIII-A,Agm/B.Pekerti,28
Rabu,7,11:50-12:30,VIII,VIII-B,P.Pancasila,09
Rabu,7,11:50-12:30,VIII,VIII-C,Matematika,07
Rabu,7,11:50-12:30,VIII,VIII-D,Seni Musik,19
Rabu,7,11:50-12:30,VIII,VIII-E,B.Indonesia,23
Rabu,7,11:50-12:30,VIII,VIII-F,P.Pancasila,10
Rabu,7,11:50-12:30,VIII,VIII-G,Seni Musik,19
Rabu,7,11:50-12:30,VIII,VIII-H,IPA,03
Rabu,8,12:30-13:10,VIII,VIII-A,Bahasa Inggris,16
Rabu,8,12:30-13:10,VIII,VIII-B,P.Pancasila,09
Rabu,8,12:30-13:10,VIII,VIII-C,Seni Musik,27
Rabu,8,12:30-13:10,VIII,VIII-D,Bahasa Bali,29
Rabu,8,12:30-13:10,VIII,VIII-E,B.Indonesia,23
Rabu,8,12:30-13:10,VIII,VIII-F,Seni Musik,28
Rabu,8,12:30-13:10,VIII,VIII-G,IPA,02
Rabu,8,12:30-13:10,VIII,VIII-H,IPA,03
Kamis,1,07:30-08:10,VIII,VIII-A,KERJA BAKTI,
Kamis,1,07:30-08:10,VIII,VIII-B,nan,
Kamis,1,07:30-08:10,VIII,VIII-C,nan,
Kamis,1,07:30-08:10,VIII,VIII-D,nan,
Kamis,1,07:30-08:10,VIII,VIII-E,nan,
Kamis,1,07:30-08:10,VIII,VIII-F,nan,
Kamis,1,07:30-08:10,VIII,VIII-G,nan,
Kamis,1,07:30-08:10,VIII,VIII-H,nan,
Kamis,2,08:10-08:50,VIII,VIII-A,PJOK,11
Kamis,2,08:10-08:50,VIII,VIII-B,PJOK,11
Kamis,2,08:10-08:50,VIII,VIII-C,IPS,24
Kamis,2,08:10-08:50,VIII,VIII-D,Matematika,07
Kamis,2,08:10-08:50,VIII,VIII-E,IPS,23
Kamis,2,08:10-08:50,VIII,VIII-F,Agm/B.Pekerti,26
Kamis,2,08:10-08:50,VIII,VIII-G,B.Indonesia,25
Kamis,2,08:10-08:50,VIII,VIII-H,Matematika,05
Kamis,3,08:50-09:30,VIII,VIII-A,PJOK,11
Kamis,3,08:50-09:30,VIII,VIII-B,PJOK,11
Kamis,3,08:50-09:30,VIII,VIII-C,Agm/B.Pekerti,27
Kamis,3,08:50-09:30,VIII,VIII-D,Matematika,07
Kamis,3,08:50-09:30,VIII,VIII-E,IPS,23
Kamis,3,08:50-09:30,VIII,VIII-F,Agm/B.Pekerti,26
Kamis,3,08:50-09:30,VIII,VIII-G,B.Indonesia,25
Kamis,3,08:50-09:30,VIII,VIII-H,Matematika,05
Kamis,4,09:40-10:20,VIII,VIII-A,P.Pancasila,09
Kamis,4,09:40-10:20,VIII,VIII-B,Agm/B.Pekerti,28
Kamis,4,09:40-10:20,VIII,VIII-C,B.Indonesia,23
Kamis,4,09:40-10:20,VIII,VIII-D,Informatika,16
Kamis,4,09:40-10:20,VIII,VIII-E,Matematika,07
Kamis,4,09:40-10:20,VIII,VIII-F,IPA,03
Kamis,4,09:40-10:20,VIII,VIII-G,B.Indonesia,25
Kamis,4,09:40-10:20,VIII,VIII-H,Agm/B.Pekerti,26
Kamis,5,10:20-11:00,VIII,VIII-A,Agm/B.Pekerti,28
Kamis,5,10:20-11:00,VIII,VIII-B,Seni Musik,20
Kamis,5,10:20-11:00,VIII,VIII-C,B.Indonesia,23
Kamis,5,10:20-11:00,VIII,VIII-D,Informatika,16
Kamis,5,10:20-11:00,VIII,VIII-E,Matematika,07
Kamis,5,10:20-11:00,VIII,VIII-F,IPA,03
Kamis,5,10:20-11:00,VIII,VIII-G,B.Indonesia,25
Kamis,5,10:20-11:00,VIII,VIII-H,IPS,25
Kamis,6,11:00-11:40,VIII,VIII-A,B.Indonesia,24
Kamis,6,11:00-11:40,VIII,VIII-B,Seni Musik,20
Kamis,6,11:00-11:40,VIII,VIII-C,Informatika,16
Kamis,6,11:00-11:40,VIII,VIII-D,Bahasa Inggris,16
Kamis,6,11:00-11:40,VIII,VIII-E,Matematika,05
Kamis,6,11:00-11:40,VIII,VIII-F,B.Indonesia,23
Kamis,6,11:00-11:40,VIII,VIII-G,Bahasa Bali,28
Kamis,6,11:00-11:40,VIII,VIII-H,Bahasa Bali,28
Kamis,7,11:50-12:30,VIII,VIII-A,B.Indonesia,24
Kamis,7,11:50-12:30,VIII,VIII-B,IPS,21
Kamis,7,11:50-12:30,VIII,VIII-C,Bahasa Inggris,16
Kamis,7,11:50-12:30,VIII,VIII-D,B.Indonesia,23
Kamis,7,11:50-12:30,VIII,VIII-E,IPA,03
Kamis,7,11:50-12:30,VIII,VIII-F,Matematika,05
Kamis,7,11:50-12:30,VIII,VIII-G,P.Pancasila,10
Kamis,7,11:50-12:30,VIII,VIII-H,Bahasa Inggris,14
Kamis,8,12:30-13:10,VIII,VIII-A,IPS,21
Kamis,8,12:30-13:10,VIII,VIII-B,IPS,21
Kamis,8,12:30-13:10,VIII,VIII-C,Bahasa Inggris,16
Kamis,8,12:30-13:10,VIII,VIII-D,B.Indonesia,23
Kamis,8,12:30-13:10,VIII,VIII-E,Bahasa Inggris,16
Kamis,8,12:30-13:10,VIII,VIII-F,P.Pancasila,10
Kamis,8,12:30-13:10,VIII,VIII-G,Seni Musik,27
Kamis,8,12:30-13:10,VIII,VIII-H,IPA,03
Jumat,1,07:30-08:10,VIII,VIII-A,KERJA BAKTI,
Jumat,1,07:30-08:10,VIII,VIII-B,nan,
Jumat,1,07:30-08:10,VIII,VIII-C,nan,
Jumat,1,07:30-08:10,VIII,VIII-D,nan,
Jumat,1,07:30-08:10,VIII,VIII-E,nan,
Jumat,1,07:30-08:10,VIII,VIII-F,nan,
Jumat,1,07:30-08:10,VIII,VIII-G,nan,
Jumat,1,07:30-08:10,VIII,VIII-H,nan,
Jumat,2,08:10-08:50,VIII,VIII-A,Informatika,16
Jumat,2,08:10-08:50,VIII,VIII-B,IPA,03
Jumat,2,08:10-08:50,VIII,VIII-C,B.Indonesia,23
Jumat,2,08:10-08:50,VIII,VIII-D,B.Indonesia,25
Jumat,2,08:10-08:50,VIII,VIII-E,Seni Musik,28
Jumat,2,08:10-08:50,VIII,VIII-F,B.Indonesia,23
Jumat,2,08:10-08:50,VIII,VIII-G,PJOK,12
Jumat,2,08:10-08:50,VIII,VIII-H,I nformatika,30
Jumat,3,08:50-09:30,VIII,VIII-A,IPA,03
Jumat,3,08:50-09:30,VIII,VIII-B,B.Indonesia,23
Jumat,3,08:50-09:30,VIII,VIII-C,Bahasa Inggris,14
Jumat,3,08:50-09:30,VIII,VIII-D,Seni Musik,28
Jumat,3,08:50-09:30,VIII,VIII-E,B.Indonesia,23
Jumat,3,08:50-09:30,VIII,VIII-F,PJOK,12
Jumat,3,08:50-09:30,VIII,VIII-G,PJOK,12
Jumat,3,08:50-09:30,VIII,VIII-H,I nformatika,30
Jumat,4,09:40-10:20,VIII,VIII-A,IPA,03
Jumat,4,09:40-10:20,VIII,VIII-B,B.Indonesia,24
Jumat,4,09:40-10:20,VIII,VIII-C,Informatika,16
Jumat,4,09:40-10:20,VIII,VIII-D,Agm/B.Pekerti,26
Jumat,4,09:40-10:20,VIII,VIII-E,Bahasa Bali,29
Jumat,4,09:40-10:20,VIII,VIII-F,B.Indonesia,23
Jumat,4,09:40-10:20,VIII,VIII-G,IPA,02
Jumat,4,09:40-10:20,VIII,VIII-H,Agm/B.Pekerti,26
Jumat,5,10:20-11:00,VIII,VIII-A,Kokurikuler,
Jumat,5,10:20-11:00,VIII,VIII-B,Kokurikuler,
Jumat,5,10:20-11:00,VIII,VIII-C,Kokurikuler,
Jumat,5,10:20-11:00,VIII,VIII-D,Kokurikuler,
Jumat,5,10:20-11:00,VIII,VIII-E,Kokurikuler,
Jumat,5,10:20-11:00,VIII,VIII-F,Kokurikuler,
Jumat,5,10:20-11:00,VIII,VIII-G,Kokurikuler,
Jumat,5,10:20-11:00,VIII,VIII-H,Kokurikuler,
Jumat,6,11:00-11:40,VIII,VIII-A,Kokurikuler,
Jumat,6,11:00-11:40,VIII,VIII-B,Kokurikuler,
Jumat,6,11:00-11:40,VIII,VIII-C,Kokurikuler,
Jumat,6,11:00-11:40,VIII,VIII-D,Kokurikuler,
Jumat,6,11:00-11:40,VIII,VIII-E,Kokurikuler,
Jumat,6,11:00-11:40,VIII,VIII-F,Kokurikuler,
Jumat,6,11:00-11:40,VIII,VIII-G,Kokurikuler,
Jumat,6,11:00-11:40,VIII,VIII-H,Kokurikuler,
Jumat,7,11:50-12:30,VIII,VIII-A,Kokurikuler,
Jumat,7,11:50-12:30,VIII,VIII-B,Kokurikuler,
Jumat,7,11:50-12:30,VIII,VIII-C,Kokurikuler,
Jumat,7,11:50-12:30,VIII,VIII-D,Kokurikuler,
Jumat,7,11:50-12:30,VIII,VIII-E,Kokurikuler,
Jumat,7,11:50-12:30,VIII,VIII-F,Kokurikuler,
Jumat,7,11:50-12:30,VIII,VIII-G,Kokurikuler,
Jumat,7,11:50-12:30,VIII,VIII-H,Kokurikuler,
Jumat,8,12:30-13:10,VIII,VIII-A,Kokurikuler,
Jumat,8,12:30-13:10,VIII,VIII-B,Kokurikuler,
Jumat,8,12:30-13:10,VIII,VIII-C,Kokurikuler,
Jumat,8,12:30-13:10,VIII,VIII-D,Kokurikuler,
Jumat,8,12:30-13:10,VIII,VIII-E,Kokurikuler,
Jumat,8,12:30-13:10,VIII,VIII-F,Kokurikuler,
Jumat,8,12:30-13:10,VIII,VIII-G,Kokurikuler,
Jumat,8,12:30-13:10,VIII,VIII-H,Kokurikuler,
Sabtu,1,07:30-08:10,VIII,VIII-A,KERJA BAKTI,
Sabtu,1,07:30-08:10,VIII,VIII-B,nan,
Sabtu,1,07:30-08:10,VIII,VIII-C,nan,
Sabtu,1,07:30-08:10,VIII,VIII-D,nan,
Sabtu,1,07:30-08:10,VIII,VIII-E,nan,
Sabtu,1,07:30-08:10,VIII,VIII-F,nan,
Sabtu,1,07:30-08:10,VIII,VIII-G,nan,
Sabtu,1,07:30-08:10,VIII,VIII-H,nan,
Sabtu,2,08:10-08:50,VIII,VIII-A,PENGEMBANGAN DIRI,
Sabtu,2,08:10-08:50,VIII,VIII-B,PENGEMBANGAN DIRI,
Sabtu,2,08:10-08:50,VIII,VIII-C,PENGEMBANGAN DIRI,
Sabtu,2,08:10-08:50,VIII,VIII-D,PENGEMBANGAN DIRI,
Sabtu,2,08:10-08:50,VIII,VIII-E,PENGEMBANGAN DIRI,
Sabtu,2,08:10-08:50,VIII,VIII-F,PENGEMBANGAN DIRI,
Sabtu,2,08:10-08:50,VIII,VIII-G,PENGEMBANGAN DIRI,
Sabtu,2,08:10-08:50,VIII,VIII-H,PENGEMBANGAN DIRI,
Sabtu,3,08:50-09:30,VIII,VIII-A,PENGEMBANGAN DIRI,
Sabtu,3,08:50-09:30,VIII,VIII-B,PENGEMBANGAN DIRI,
Sabtu,3,08:50-09:30,VIII,VIII-C,PENGEMBANGAN DIRI,
Sabtu,3,08:50-09:30,VIII,VIII-D,PENGEMBANGAN DIRI,
Sabtu,3,08:50-09:30,VIII,VIII-E,PENGEMBANGAN DIRI,
Sabtu,3,08:50-09:30,VIII,VIII-F,PENGEMBANGAN DIRI,
Sabtu,3,08:50-09:30,VIII,VIII-G,PENGEMBANGAN DIRI,
Sabtu,3,08:50-09:30,VIII,VIII-H,PENGEMBANGAN DIRI,
Sabtu,4,09:45-10:25,VIII,VIII-A,PENGEMBANGAN DIRI,
Sabtu,4,09:45-10:25,VIII,VIII-B,PENGEMBANGAN DIRI,
Sabtu,4,09:45-10:25,VIII,VIII-C,PENGEMBANGAN DIRI,
Sabtu,4,09:45-10:25,VIII,VIII-D,PENGEMBANGAN DIRI,
Sabtu,4,09:45-10:25,VIII,VIII-E,PENGEMBANGAN DIRI,
Sabtu,4,09:45-10:25,VIII,VIII-F,PENGEMBANGAN DIRI,
Sabtu,4,09:45-10:25,VIII,VIII-G,PENGEMBANGAN DIRI,
Sabtu,4,09:45-10:25,VIII,VIII-H,PENGEMBANGAN DIRI,
Sabtu,5,10:25-11:05,VIII,VIII-A,PENGEMBANGAN DIRI,
Sabtu,5,10:25-11:05,VIII,VIII-B,PENGEMBANGAN DIRI,
Sabtu,5,10:25-11:05,VIII,VIII-C,PENGEMBANGAN DIRI,
Sabtu,5,10:25-11:05,VIII,VIII-D,PENGEMBANGAN DIRI,
Sabtu,5,10:25-11:05,VIII,VIII-E,PENGEMBANGAN DIRI,
Sabtu,5,10:25-11:05,VIII,VIII-F,PENGEMBANGAN DIRI,
Sabtu,5,10:25-11:05,VIII,VIII-G,PENGEMBANGAN DIRI,
Sabtu,5,10:25-11:05,VIII,VIII-H,PENGEMBANGAN DIRI,
Sabtu,6,11:05-11:45,VIII,VIII-A,Siswa Dipulangkan,
Sabtu,6,11:05-11:45,VIII,VIII-B,Siswa Dipulangkan,
Sabtu,6,11:05-11:45,VIII,VIII-C,Siswa Dipulangkan,
Sabtu,6,11:05-11:45,VIII,VIII-D,Siswa Dipulangkan,
Sabtu,6,11:05-11:45,VIII,VIII-E,Siswa Dipulangkan,
Sabtu,6,11:05-11:45,VIII,VIII-F,Siswa Dipulangkan,
Sabtu,6,11:05-11:45,VIII,VIII-G,Siswa Dipulangkan,
Sabtu,6,11:05-11:45,VIII,VIII-H,Siswa Dipulangkan,
Senin,1,07:30-08:10,IX,IX-A,MBG - LITERASI BIMA,
Senin,1,07:30-08:10,IX,IX-B,nan,
Senin,1,07:30-08:10,IX,IX-C,nan,
Senin,1,07:30-08:10,IX,IX-D,nan,
Senin,1,07:30-08:10,IX,IX-E,nan,
Senin,1,07:30-08:10,IX,IX-F,nan,
Senin,2,08:10-08:50,IX,IX-A,Bahasa Inggris,14
Senin,2,08:10-08:50,IX,IX-B,Bahasa Inggris,15
Senin,2,08:10-08:50,IX,IX-C,Informatika,30
Senin,2,08:10-08:50,IX,IX-D,P.Pancasila,10
Senin,2,08:10-08:50,IX,IX-E,B.Indonesia,21
Senin,2,08:10-08:50,IX,IX-F,IPS,18
Senin,3,08:50-09:30,IX,IX-A,Bahasa Inggris,14
Senin,3,08:50-09:30,IX,IX-B,Bahasa Inggris,15
Senin,3,08:50-09:30,IX,IX-C,Informatika,30
Senin,3,08:50-09:30,IX,IX-D,P.Pancasila,10
Senin,3,08:50-09:30,IX,IX-E,B.Indonesia,21
Senin,3,08:50-09:30,IX,IX-F,IPS,18
Senin,4,09:40-10:20,IX,IX-A,IPA,02
Senin,4,09:40-10:20,IX,IX-B,P.Pancasila,10
Senin,4,09:40-10:20,IX,IX-C,Agm/B.Pekerti,26
Senin,4,09:40-10:20,IX,IX-D,B.Indonesia,21
Senin,4,09:40-10:20,IX,IX-E,Seni Musik,19
Senin,4,09:40-10:20,IX,IX-F,IPS,18
Senin,5,10:20-11:00,IX,IX-A,IPA,02
Senin,5,10:20-11:00,IX,IX-B,P.Pancasila,10
Senin,5,10:20-11:00,IX,IX-C,Agm/B.Pekerti,26
Senin,5,10:20-11:00,IX,IX-D,B.Indonesia,21
Senin,5,10:20-11:00,IX,IX-E,Seni Musik,19
Senin,5,10:20-11:00,IX,IX-F,Matematika,08
Senin,6,11:00-11:40,IX,IX-A,Informatika,30
Senin,6,11:00-11:40,IX,IX-B,IPA,02
Senin,6,11:00-11:40,IX,IX-C,Seni Musik,19
Senin,6,11:00-11:40,IX,IX-D,B.Indonesia,21
Senin,6,11:00-11:40,IX,IX-E,P.Pancasila,10
Senin,6,11:00-11:40,IX,IX-F,Matematika,08
Senin,7,11:50-12:30,IX,IX-A,Matematika,08
Senin,7,11:50-12:30,IX,IX-B,IPA,02
Senin,7,11:50-12:30,IX,IX-C,Bahasa Bali,27
Senin,7,11:50-12:30,IX,IX-D,IPS,18
Senin,7,11:50-12:30,IX,IX-E,Agm/B.Pekerti,26
Senin,7,11:50-12:30,IX,IX-F,B.Indonesia,21
Senin,8,12:30-13:10,IX,IX-A,Matematika,08
Senin,8,12:30-13:10,IX,IX-B,Bahasa Bali,28
Senin,8,12:30-13:10,IX,IX-C,Bahasa Inggris,15
Senin,8,12:30-13:10,IX,IX-D,IPS,18
Senin,8,12:30-13:10,IX,IX-E,Agm/B.Pekerti,26
Senin,8,12:30-13:10,IX,IX-F,B.Indonesia,21
Selasa,1,07:30-08:10,IX,IX-A,KERJA BAKTI,
Selasa,1,07:30-08:10,IX,IX-B,nan,
Selasa,1,07:30-08:10,IX,IX-C,nan,
Selasa,1,07:30-08:10,IX,IX-D,nan,
Selasa,1,07:30-08:10,IX,IX-E,nan,
Selasa,1,07:30-08:10,IX,IX-F,nan,
Selasa,2,08:10-08:50,IX,IX-A,B.Indonesia,21
Selasa,2,08:10-08:50,IX,IX-B,Seni Musik,19
Selasa,2,08:10-08:50,IX,IX-C,IPA,02
Selasa,2,08:10-08:50,IX,IX-D,Matematika,08
Selasa,2,08:10-08:50,IX,IX-E,IPS,18
Selasa,2,08:10-08:50,IX,IX-F,P.Pancasila,10
Selasa,3,08:50-09:30,IX,IX-A,B.Indonesia,21
Selasa,3,08:50-09:30,IX,IX-B,Seni Musik,19
Selasa,3,08:50-09:30,IX,IX-C,IPA,02
Selasa,3,08:50-09:30,IX,IX-D,Matematika,08
Selasa,3,08:50-09:30,IX,IX-E,IPS,18
Selasa,3,08:50-09:30,IX,IX-F,Bahasa Inggris,15
Selasa,4,09:40-10:20,IX,IX-A,Bahasa Bali,28
Selasa,4,09:40-10:20,IX,IX-B,IPS,18
Selasa,4,09:40-10:20,IX,IX-C,Bahasa Bali,27
Selasa,4,09:40-10:20,IX,IX-D,IPA,02
Selasa,4,09:40-10:20,IX,IX-E,B.Indonesia,21
Selasa,4,09:40-10:20,IX,IX-F,Agm/B.Pekerti,26
Selasa,5,10:20-11:00,IX,IX-A,Bahasa Bali,28
Selasa,5,10:20-11:00,IX,IX-B,Matematika,08
Selasa,5,10:20-11:00,IX,IX-C,B.Indonesia,21
Selasa,5,10:20-11:00,IX,IX-D,IPA,02
Selasa,5,10:20-11:00,IX,IX-E,B.Indonesia,21
Selasa,5,10:20-11:00,IX,IX-F,Agm/B.Pekerti,26
Selasa,6,11:00-11:40,IX,IX-A,Agm/B.Pekerti,26
Selasa,6,11:00-11:40,IX,IX-B,Matematika,08
Selasa,6,11:00-11:40,IX,IX-C,B.Indonesia,21
Selasa,6,11:00-11:40,IX,IX-D,Informatika,30
Selasa,6,11:00-11:40,IX,IX-E,Bahasa Inggris,15
Selasa,6,11:00-11:40,IX,IX-F,Bahasa Bali,27
Selasa,7,11:50-12:30,IX,IX-A,Agm/B.Pekerti,26
Selasa,7,11:50-12:30,IX,IX-B,Informatika,30
Selasa,7,11:50-12:30,IX,IX-C,IPS,18
Selasa,7,11:50-12:30,IX,IX-D,Bahasa Bali,27
Selasa,7,11:50-12:30,IX,IX-E,Matematika,08
Selasa,7,11:50-12:30,IX,IX-F,IPA,02
Selasa,8,12:30-13:10,IX,IX-A,Bahasa Inggris,14
Selasa,8,12:30-13:10,IX,IX-B,Informatika,30
Selasa,8,12:30-13:10,IX,IX-C,IPS,18
Selasa,8,12:30-13:10,IX,IX-D,Bahasa Bali,27
Selasa,8,12:30-13:10,IX,IX-E,Matematika,08
Selasa,8,12:30-13:10,IX,IX-F,IPA,02
Rabu,1,07:30-08:10,IX,IX-A,KERJA BAKTI,
Rabu,1,07:30-08:10,IX,IX-B,nan,
Rabu,1,07:30-08:10,IX,IX-C,nan,
Rabu,1,07:30-08:10,IX,IX-D,nan,
Rabu,1,07:30-08:10,IX,IX-E,nan,
Rabu,1,07:30-08:10,IX,IX-F,nan,
Rabu,2,08:10-08:50,IX,IX-A,B.Indonesia,25
Rabu,2,08:10-08:50,IX,IX-B,Bahasa Inggris,15
Rabu,2,08:10-08:50,IX,IX-C,Matematika,08
Rabu,2,08:10-08:50,IX,IX-D,Agm/B.Pekerti,26
Rabu,2,08:10-08:50,IX,IX-E,B.Indonesia,21
Rabu,2,08:10-08:50,IX,IX-F,IPA,02
Rabu,3,08:50-09:30,IX,IX-A,B.Indonesia,25
Rabu,3,08:50-09:30,IX,IX-B,Bahasa Bali,28
Rabu,3,08:50-09:30,IX,IX-C,Matematika,08
Rabu,3,08:50-09:30,IX,IX-D,Agm/B.Pekerti,26
Rabu,3,08:50-09:30,IX,IX-E,B.Indonesia,21
Rabu,3,08:50-09:30,IX,IX-F,IPA,02
Rabu,4,09:40-10:20,IX,IX-A,B.Indonesia,25
Rabu,4,09:40-10:20,IX,IX-B,Agm/B.Pekerti,26
Rabu,4,09:40-10:20,IX,IX-C,B.Indonesia,21
Rabu,4,09:40-10:20,IX,IX-D,Seni Musik,19
Rabu,4,09:40-10:20,IX,IX-E,IPA,02
Rabu,4,09:40-10:20,IX,IX-F,Bahasa Bali,27
Rabu,5,10:20-11:00,IX,IX-A,Matematika,08
Rabu,5,10:20-11:00,IX,IX-B,Agm/B.Pekerti,26
Rabu,5,10:20-11:00,IX,IX-C,B.Indonesia,21
Rabu,5,10:20-11:00,IX,IX-D,Seni Musik,19
Rabu,5,10:20-11:00,IX,IX-E,IPA,02
Rabu,5,10:20-11:00,IX,IX-F,P.Pancasila,10
Rabu,6,11:00-11:40,IX,IX-A,Matematika,08
Rabu,6,11:00-11:40,IX,IX-B,IPS,18
Rabu,6,11:00-11:40,IX,IX-C,IPA,02
Rabu,6,11:00-11:40,IX,IX-D,Informatika,30
Rabu,6,11:00-11:40,IX,IX-E,P.Pancasila,10
Rabu,6,11:00-11:40,IX,IX-F,B.Indonesia,21
Rabu,7,11:50-12:30,IX,IX-A,IPS,18
Rabu,7,11:50-12:30,IX,IX-B,B.Indonesia,25
Rabu,7,11:50-12:30,IX,IX-C,IPA,02
Rabu,7,11:50-12:30,IX,IX-D,Matematika,08
Rabu,7,11:50-12:30,IX,IX-E,Informatika,30
Rabu,7,11:50-12:30,IX,IX-F,Bahasa Inggris,15
Rabu,8,12:30-13:10,IX,IX-A,Seni Musik,19
Rabu,8,12:30-13:10,IX,IX-B,B.Indonesia,25
Rabu,8,12:30-13:10,IX,IX-C,IPS,18
Rabu,8,12:30-13:10,IX,IX-D,Matematika,08
Rabu,8,12:30-13:10,IX,IX-E,Informatika,30
Rabu,8,12:30-13:10,IX,IX-F,Bahasa Inggris,15
Kamis,1,07:30-08:10,IX,IX-A,KERJA BAKTI,
Kamis,1,07:30-08:10,IX,IX-B,nan,
Kamis,1,07:30-08:10,IX,IX-C,nan,
Kamis,1,07:30-08:10,IX,IX-D,nan,
Kamis,1,07:30-08:10,IX,IX-E,nan,
Kamis,1,07:30-08:10,IX,IX-F,nan,
Kamis,2,08:10-08:50,IX,IX-A,PJOK,12
Kamis,2,08:10-08:50,IX,IX-B,PJOK,12
Kamis,2,08:10-08:50,IX,IX-C,PJOK,12
Kamis,2,08:10-08:50,IX,IX-D,IPA,02
Kamis,2,08:10-08:50,IX,IX-E,Matematika,08
Kamis,2,08:10-08:50,IX,IX-F,B.Indonesia,21
Kamis,3,08:50-09:30,IX,IX-A,PJOK,12
Kamis,3,08:50-09:30,IX,IX-B,PJOK,12
Kamis,3,08:50-09:30,IX,IX-C,PJOK,12
Kamis,3,08:50-09:30,IX,IX-D,IPA,02
Kamis,3,08:50-09:30,IX,IX-E,Matematika,08
Kamis,3,08:50-09:30,IX,IX-F,B.Indonesia,21
Kamis,4,09:40-10:20,IX,IX-A,Seni Musik,19
Kamis,4,09:40-10:20,IX,IX-B,IPA,02
Kamis,4,09:40-10:20,IX,IX-C,P.Pancasila,10
Kamis,4,09:40-10:20,IX,IX-D,B.Indonesia,21
Kamis,4,09:40-10:20,IX,IX-E,Bahasa Inggris,15
Kamis,4,09:40-10:20,IX,IX-F,Matematika,08
Kamis,5,10:20-11:00,IX,IX-A,P.Pancasila,10
Kamis,5,10:20-11:00,IX,IX-B,IPA,02
Kamis,5,10:20-11:00,IX,IX-C,Seni Musik,19
Kamis,5,10:20-11:00,IX,IX-D,B.Indonesia,21
Kamis,5,10:20-11:00,IX,IX-E,Bahasa Inggris,15
Kamis,5,10:20-11:00,IX,IX-F,Matematika,08
Kamis,6,11:00-11:40,IX,IX-A,P.Pancasila,10
Kamis,6,11:00-11:40,IX,IX-B,B.Indonesia,25
Kamis,6,11:00-11:40,IX,IX-C,B.Indonesia,21
Kamis,6,11:00-11:40,IX,IX-D,IPS,18
Kamis,6,11:00-11:40,IX,IX-E,Bahasa Bali,27
Kamis,6,11:00-11:40,IX,IX-F,Seni Musik,19
Kamis,7,11:50-12:30,IX,IX-A,IPS,18
Kamis,7,11:50-12:30,IX,IX-B,B.Indonesia,25
Kamis,7,11:50-12:30,IX,IX-C,Matematika,08
Kamis,7,11:50-12:30,IX,IX-D,Bahasa Inggris,15
Kamis,7,11:50-12:30,IX,IX-E,IPA,02
Kamis,7,11:50-12:30,IX,IX-F,Informatika,30
Kamis,8,12:30-13:10,IX,IX-A,IPS,18
Kamis,8,12:30-13:10,IX,IX-B,B.Indonesia,25
Kamis,8,12:30-13:10,IX,IX-C,Matematika,08
Kamis,8,12:30-13:10,IX,IX-D,Bahasa Inggris,15
Kamis,8,12:30-13:10,IX,IX-E,IPA,02
Kamis,8,12:30-13:10,IX,IX-F,Informatika,30
Jumat,1,07:30-08:10,IX,IX-A,KERJA BAKTI,
Jumat,1,07:30-08:10,IX,IX-B,nan,
Jumat,1,07:30-08:10,IX,IX-C,nan,
Jumat,1,07:30-08:10,IX,IX-D,nan,
Jumat,1,07:30-08:10,IX,IX-E,nan,
Jumat,1,07:30-08:10,IX,IX-F,nan,
Jumat,2,08:10-08:50,IX,IX-A,IPA,02
Jumat,2,08:10-08:50,IX,IX-B,IPS,18
Jumat,2,08:10-08:50,IX,IX-C,Bahasa Inggris,15
Jumat,2,08:10-08:50,IX,IX-D,PJOK,12
Jumat,2,08:10-08:50,IX,IX-E,PJOK,12
Jumat,2,08:10-08:50,IX,IX-F,PJOK,12
Jumat,3,08:50-09:30,IX,IX-A,IPA,02
Jumat,3,08:50-09:30,IX,IX-B,Matematika,08
Jumat,3,08:50-09:30,IX,IX-C,Bahasa Inggris,15
Jumat,3,08:50-09:30,IX,IX-D,PJOK,12
Jumat,3,08:50-09:30,IX,IX-E,PJOK,12
Jumat,3,08:50-09:30,IX,IX-F,PJOK,12
Jumat,4,09:40-10:20,IX,IX-A,Informatika,30
Jumat,4,09:40-10:20,IX,IX-B,Bahasa Inggris,15
Jumat,4,09:40-10:20,IX,IX-C,IPS,18
Jumat,4,09:40-10:20,IX,IX-D,P.Pancasila,10
Jumat,4,09:40-10:20,IX,IX-E,Matematika,08
Jumat,4,09:40-10:20,IX,IX-F,Seni Musik,19
Jumat,5,10:20-11:00,IX,IX-A,Kokurikuler,
Jumat,5,10:20-11:00,IX,IX-B,Kokurikuler,
Jumat,5,10:20-11:00,IX,IX-C,Kokurikuler,
Jumat,5,10:20-11:00,IX,IX-D,Kokurikuler,
Jumat,5,10:20-11:00,IX,IX-E,Kokurikuler,
Jumat,5,10:20-11:00,IX,IX-F,Kokurikuler,
Jumat,6,11:00-11:40,IX,IX-A,Kokurikuler,
Jumat,6,11:00-11:40,IX,IX-B,Kokurikuler,
Jumat,6,11:00-11:40,IX,IX-C,Kokurikuler,
Jumat,6,11:00-11:40,IX,IX-D,Kokurikuler,
Jumat,6,11:00-11:40,IX,IX-E,Kokurikuler,
Jumat,6,11:00-11:40,IX,IX-F,Kokurikuler,
Jumat,7,11:50-12:30,IX,IX-A,Kokurikuler,
Jumat,7,11:50-12:30,IX,IX-B,Kokurikuler,
Jumat,7,11:50-12:30,IX,IX-C,Kokurikuler,
Jumat,7,11:50-12:30,IX,IX-D,Kokurikuler,
Jumat,7,11:50-12:30,IX,IX-E,Kokurikuler,
Jumat,7,11:50-12:30,IX,IX-F,Kokurikuler,
Jumat,8,12:30-13:10,IX,IX-A,Kokurikuler,
Jumat,8,12:30-13:10,IX,IX-B,Kokurikuler,
Jumat,8,12:30-13:10,IX,IX-C,Kokurikuler,
Jumat,8,12:30-13:10,IX,IX-D,Kokurikuler,
Jumat,8,12:30-13:10,IX,IX-E,Kokurikuler,
Jumat,8,12:30-13:10,IX,IX-F,Kokurikuler,
